iteration,vanilla_q90,log_ball_q90,polynomial_ball_q90,vanilla_q99,log_ball_q99,polynomial_ball_q99,vanilla_q999,log_ball_q999,polynomial_ball_q999
0,100,100,100,100,100,100,100,100,100
1,208.80249999999998,110.25,208.80249999999998,208.80249999999998,110.25,208.80249999999998,208.80249999999998,110.25,208.80249999999998
2,425.53552370056696,110.26046416225397,219.72329235109541,425.53552370056696,110.26046416225397,219.72329235109541,425.53552370056696,110.26046416225397,219.72329235109541
3,851.89681016861653,110.36160325291776,222.68124386895136,851.89681016861653,110.36160325291776,222.68124386895136,851.89681016861653,110.36160325291776,222.68124386895136
4,210.55616664294658,110.64853792173967,225.6956317208498,1682.349207075602,110.64853792173967,225.6956317208498,1682.349207075602,110.64853792173967,225.6956317208498
5,416.44585083706113,111.1769101835596,228.76734256569645,3286.6451954724116,111.1769101835596,228.76734256569645,3286.6451954724116,111.1769101835596,228.76734256569645
6,803.86230738553934,111.97116164945099,231.89727547108876,6364.1638486683187,111.97116164945099,231.89727547108876,6364.1638486683187,111.97116164945099,231.89727547108876
7,213.10776595674724,113.03744776516541,226.5444105889606,1710.5424834014038,113.03744776516541,235.08634202137011,12231.260129620119,113.03744776516541,235.08634202137011
8,412.05036519381827,114.37219536003666,215.6956901497266,3296.5440560239554,114.37219536003666,238.33546642558977,23353.927924312531,114.37219536003666,238.33546642558977
9,113.62410874260894,115.96706890870689,204.60063746615026,6088.9555824368845,115.96706890870689,241.64558562537044,44330.992945638536,115.96706890870689,241.64558562537044
10,216.35275164842179,117.81172910114948,194.14531128329179,10962.148661384617,117.81172910114948,245.01764940268734,12589.01269708709,117.81172910114948,245.01764940268734
11,402.89487860587457,119.89532373242358,184.02333675996164,3357.7977117578448,119.89532373242358,248.45262048755927,23729.594194624158,119.89532373242358,248.45262048755927
12,116.84992237079683,122.20726515359293,174.22703698885374,6031.826560864657,122.20726515359293,251.95147466565615,43719.084646862197,122.20726515359293,251.95147466565615
13,217.7073296813096,124.73760935928786,164.74917753729312,10366.579201941924,124.73760935928786,255.51520088582288,78763.5003146503,124.73760935928786,255.51520088582288
14,66.260857718624905,127.47721450057708,155.58294391722364,3419.9680984804204,127.47721450057708,259.14480136752462,25719.333462385246,127.47721450057708,259.14480136752462
15,119.80861461772193,130.41777927423661,146.72192044800698,5980.0416727738866,130.41777927423661,262.84129170821217,44567.291998195898,130.41777927423661,262.84129170821217
16,217.68762981863583,133.5518180729469,141.7176117022544,9675.4971366320915,133.5518180729469,266.60570099061306,77884.754628572511,133.5518180729469,266.60570099061306
17,67.699161080193548,136.87260508435631,145.00154624439639,3517.6108248493169,136.87260508435631,270.43907188994734,125875.92920787311,136.87260508435631,270.43907188994734
18,123.43726715129603,140.37410542301183,148.3377983041506,5875.879954424111,140.37410542301183,274.34246078107157,46750.2606280748,140.37410542301183,274.34246078107157
19,39.66538779434827,144.05090327620513,151.72743985507589,2365.5178521936973,144.05090327620513,278.31693784555279,78303.07774780014,144.05090327620513,278.31693784555279
20,70.888242122467105,147.89813237625734,155.17155423353722,3542.821623741459,147.89813237625734,282.36358717867336,121355.55023961051,147.89813237625734,282.36358717867336
21,26.089403483164954,151.91141142728969,158.6712361992893,5669.4712697346922,151.91141142728969,286.4835068963697,49160.997722234293,151.91141142728969,286.4835068963697
22,41.552042280064164,156.08678558481139,162.2275920050933,2297.4313001543633,156.08678558481139,290.67780924210467,79011.538100585953,156.08678558481139,290.67780924210467
23,74.234530806486262,160.42067423202272,165.84173947444361,3530.5749413579538,160.42067423202272,294.94762069367823,117901.98896388344,160.42067423202272,294.94762069367823
24,25.049006920480704,164.90982483758262,163.23083642235477,5320.0897058038136,164.90982483758262,299.29408206997408,52761.9543930035,164.90982483758262,299.29408206997408
25,44.325161988713525,169.55127245092154,150.98143529070734,2268.8728683942422,169.55127245092154,303.71834863764735,78517.013735323417,169.55127245092154,303.71834863764735
26,15.970285172299771,174.34230429541509,139.28555763787759,3436.052386229439,174.34230429541509,308.22159021775263,113762.81796048049,174.34230429541509,308.22159021775263
27,26.745829241143124,179.2804288989463,128.13076994495518,1729.6219395540868,179.2804288989463,312.8049912923147,53655.846101057621,179.2804288989463,312.8049912923147
28,11.933913320845452,184.36334922121225,117.50532230266953,2249.3712581912714,184.36334922121225,317.46975111084248,78436.933423224255,184.36334922121225,317.46975111084248
29,16.497851685499906,189.5889392773087,107.39811403224449,3270.8154113824394,189.5889392773087,322.21708379678881,104338.73328637212,189.5889392773087,322.21708379678881
30,28.346104300366921,194.95522380584987,107.32211234081169,1552.8851570700895,194.95522380584987,327.04821845395639,54171.565310579448,194.95522380584987,327.04821845395639
31,10.584560596714443,200.46036058044041,110.05446565329937,2181.7658915391953,200.46036058044041,331.96439927285178,77484.155458877169,200.46036058044041,331.96439927285178
32,17.881418383842931,206.10262501204718,112.83926623360115,2886.5238147689811,206.10262501204718,336.96688563698672,88776.958199411471,206.10262501204718,336.96688563698672
33,7.4126520067577939,211.88039673488083,111.53441449964343,1489.1273265298244,211.88039673488083,342.05695222913204,54918.782984456426,211.88039673488083,342.05695222913204
34,11.291153175478192,217.42683389196554,103.69173936546839,2074.0622714203423,217.79214790900659,347.23588913752116,73871.801160521834,217.79214790900659,347.23588913752116
35,6.4863226959494531,202.27038526296855,96.920027356515973,1089.8445720376096,223.83643300890199,352.50500196200557,46333.789919129667,223.83643300890199,352.50500196200557
36,7.3920005901923185,187.68697864872527,90.262805114524383,1413.3860248347762,230.01187989872872,357.86561192016552,54526.664679494264,230.01187989872872,357.86561192016552
37,8.8105862170081917,173.67973240201039,84.715698897202401,1392.3659826662445,236.31718202252733,363.31905595337327,66633.102871490788,236.31718202252733,363.31905595337327
38,5.1802380466524722,163.42669643517971,81.191633889235973,1007.715617364667,242.75109156128897,368.86668683281306,42035.200571127556,242.75109156128897,368.86668683281306
39,7.9279811470046759,157.2271655406623,80.85665136966567,1361.0511814260926,249.31241342932853,374.50987326545732,50611.804907277205,249.31241342932853,374.50987326545732
40,4.081589517876278,163.13476521289698,83.292100833450107,769.48018785723241,256,380.25,56603.554618365823,256,380.25
41,5.2945793069416727,165.89044130802756,75.837347740395629,965.6014775070646,262.8127464659122,386.08846793274842,38133.803854758757,262.8127464659122,386.08846793274842
42,3.9732087233926485,167.89382837037888,67.672439673297788,928.07939999762436,269.7495867517996,392.02669421347497,45264.607407833282,269.7495867517996,392.02669421347497
43,3.7812349460867303,171.13390924349483,60.549843537872619,711.29586147510565,276.80948990933717,398.06611235122779,36381.139191102586,276.80948990933717,398.06611235122779
44,4.8773698454494916,176.52020948774336,60.372080125983445,926.15667479580509,283.99145693275352,404.20817232010404,36927.081707144651,283.99145693275352,404.20817232010404
45,2.9736159971034262,161.56297895926608,53.707410420737602,552.3695339220568,291.29451794231392,410.45434066498319,44047.598542295658,291.29451794231392,410.45434066498319
46,3.9292577273667906,144.9259083904237,50.573992656887846,674.01724677021059,298.71772968978883,416.80610060722523,30843.152789543001,298.71772968978883,416.80610060722523
47,2.6877312409674743,129.30794153690712,48.281050988858965,530.16107449890876,306.26017334610469,423.26495215033026,34532.533602224707,306.26017334610469,423.26495215033026
48,2.8749759092320568,124.66455136383024,46.221042948241653,510.50934621943458,313.92095253658499,429.83241218556373,33912.871546410155,313.92095253658499,429.83241218556373
49,2.8253218967204647,129.05749010002572,44.087379839913694,658.59504097710965,321.69919159369135,436.51001459754548,27035.659746980924,321.69919159369135,436.51001459754548
50,2.2871894508587722,126.53204720146331,40.48290528671059,402.99734097949033,329.59403400106447,412.74828208348845,28453.445779140831,329.59403400106447,443.29931036980594
51,2.9459905225383385,130.63410658541875,34.934923349205107,493.68824800402854,337.60464100600569,390.2566763687866,22591.384537065289,337.60464100600569,450.20186769030795
52,2.0735423067446597,132.8778188023536,32.73950930707511,370.46791369449642,345.73019038044225,369.17796224643223,22645.32122031134,345.73019038044225,457.21927205693538
53,2.2787937486967138,114.2931755754949,30.70626497834445,370.160356129592,353.96987531294042,365.32789256166177,24153.591851693465,353.96987531294042,464.35312638294988
54,2.0403158658527705,105.93901513542961,29.478651496473361,449.9741707654602,362.32290341648121,348.52718140622363,20457.682083424312,362.32290341648121,471.60505110241661
55,1.8644625835662592,105.41650633698276,28.692441753888918,297.89941017633691,370.78849583863217,319.34381215602957,19900.356102383448,370.78849583863217,478.97668427559773
56,2.1469175427363605,105.05993239483584,25.65313076144168,358.32303144036905,379.36588646236771,325.57442789513442,17265.721288808276,379.36588646236771,486.46968169431779
57,1.683387579993916,102.21175558853085,22.652724762036385,255.43499207335077,388.05432118722251,331.9085444860043,17441.687956937178,388.05432118722251,494.08571698729662
58,1.8613739264120215,93.59639587771882,20.10203471139609,282.99814928199402,396.85305728171932,338.34776019368803,17830.525419132304,396.85305728171932,501.82648172545538
59,1.626560013979375,80.387012441148514,18.739943923417666,300.43502066870485,405.76136279908144,304.99786572055046,15140.326433402093,405.76136279908144,509.69368552719317
60,1.5715068472870188,77.60691275878898,17.637939509857087,224.65403882027127,414.77851604919499,297.10572523916619,15555.749774481796,414.77851604919499,517.689056163636
61,1.6696165024121117,76.119577479356309,16.689608209133265,274.23054731704389,423.90380512061915,282.85113620014482,15455.384426266273,423.90380512061915,525.81433966385703
62,1.4263551049923326,77.743927230746166,16.04591984741824,198.29296891346064,433.13652744716563,280.06820000827059,13152.649216701688,433.13652744716563,534.07130042007282
63,1.5610395180369714,72.720300094565602,14.7485763751964,217.30963089242232,442.47598941419392,262.83947584884578,14096.182902492637,442.47598941419392,542.46172129280978
64,1.3817419252399208,64.73943892460494,13.121434408674249,195.82696514466085,451.92150600034734,250.93642295611326,11935.624464913117,451.92150600034734,550.98740371604742
65,1.3634476219533478,56.228260696663867,11.748862753747161,180.46226310181336,461.4724004509298,250.68189178603805,11602.287497639321,461.4724004509298,559.65016780233464
66,1.3827629351990205,51.629434899371233,10.868978440679944,211.18630174264121,471.12800397955436,246.25511658715939,12806.87576679891,471.12800397955436,568.45185244788217
67,1.2343087257846483,51.649998712225141,10.192179723474114,159.35035499996351,480.88765549508901,251.56701833003481,10228.878593700952,480.88765549508901,577.39431543762964
68,1.336231522921733,50.562573143052283,9.545745193573195,175.5874248208095,468.60981422978591,249.6413594129836,10541.857961097257,490.75070135123957,586.47943355028917
69,1.2071473465951845,47.570356343552319,9.0888710135117723,154.14579852228218,411.57207346582118,238.65852463644794,9886.2606079564921,500.71649511641868,595.70910266336614
70,1.2061195846603023,43.567056499161687,8.6020455382700263,147.93380283870758,383.60021368895622,236.29042154423209,9331.9087162442229,510.78439736180422,605.08523785815578
71,1.1905230092857828,39.825506628981465,7.9169507281642764,167.08678317821673,393.04809094517725,226.05254532591326,9560.5734540124758,520.95377546572581,614.60977352471753
72,1.1165562049431201,34.729517904962989,7.1428158112474183,130.31179819661361,373.66969594138737,215.50924378216081,7940.1139436021758,531.22400343271499,624.28466346682671
73,1.1990314649071598,31.631380259058076,6.6041773342165584,142.16792136294006,380.08997134620131,200.15210932353915,8291.4840591184475,541.5944617257386,634.11188100690617
74,1.0876237446799903,31.036173296920069,6.1743123151642854,122.12825142616792,388.6890887576684,204.00693787620671,8551.3776292845778,552.06453711029599,644.09341909093405
75,1.1059622584799251,31.200311219435438,5.8428611299080906,122.43997532347358,383.11412013769427,206.83794814874923,7674.55039745057,562.63362250920318,654.23129039333173
76,1.0970644814145663,29.31955250319632,5.5506508295549137,122.28149938308388,373.90629973071441,193.70662411030665,8239.5309726802425,573.30111686700377,664.52752742183168
77,1.0414978491390834,26.855395612757146,5.252402549454966,108.80227191045456,355.89238050979202,185.90197878712806,7297.8597889811645,584.06642502307307,674.98418262232371
78,1.0739240346228929,24.7474668520533,4.8981674715824477,120.736692882336,332.84600921121796,173.43096201455865,6756.0166733180959,594.92895759256862,685.60332848368307
79,1.0119318475492878,22.076163008052227,4.5325003039265948,103.97837021325257,307.49631487035776,167.87759537252526,6224.9057111639004,605.88813085447794,696.38705764257588
80,1.0299680450535584,19.64972691786663,4.2678330637757957,106.68811079129034,313.60914996929881,165.44725325546958,5689.741941031094,616.94336664608045,707.33748298824992
81,0.99165691237844533,18.690964816194203,4.0080517417265691,105.12891527388123,307.11728197317768,165.99546559546152,6071.6767869358027,628.094092263231,718.45673776730155
82,0.9719273150034029,17.763389911189556,3.7656448771803963,93.652473675742272,301.31913677222548,158.80227110235401,5331.3658154691939,639.33974036591246,729.74697568842817
83,1.0048023774676773,16.625395432637159,3.600602247918109,100.62855478919171,306.50890065564931,152.2622606086056,5482.6115003195437,650.67974888857873,741.21037102716002
84,0.94843526094474817,16.024375601567343,3.4859233796046079,88.077365254185736,313.39547352379918,144.84430498894318,4681.3335828348763,662.1135609548453,752.84911873057479
85,0.96778799461631615,15.146253413729257,3.2858938786680056,91.384222614131858,314.82753122589116,141.81620309801417,4530.6329429777143,673.64062479614347,764.66543452199483
86,0.92654330017251285,14.075420932901283,3.0752884263304665,86.143962765283746,306.09636617812544,138.82790458697065,4667.6725745122085,685.26039367397846,776.66155500566663
87,0.92636662221669364,12.763878588612554,2.9160971628788279,81.940823745200362,287.02332949632046,133.82334308293446,4187.6646907289378,696.97232580548132,788.83973777142387
88,0.94201619506451717,11.535137687808307,2.7914067364922821,87.44109007282772,264.60639789219681,132.36913402857954,4218.9913179193854,708.77588429196783,774.35646117457259
89,0.9138814354658179,10.694025131392738,2.6811683767712404,76.569141314248157,257.82863512014399,122.80635928533005,3824.4323188555954,720.67053705024682,734.5571961673445
90,0.92595955269876074,10.190741491217779,2.5907584914363744,81.940437626646101,260.75860010797413,122.26731856919264,3752.9507642713611,732.65575674645254,777.35126525063538
91,0.89411016893758966,9.8878128814671182,2.4847525905723531,77.43172448637894,265.82410477193093,116.87922726856445,4014.5945187192015,744.7310207321874,758.93221686522554
92,0.89807102193492883,9.3350787621147582,2.3751180927538824,73.683069587973932,249.94235875755768,115.99580774190214,3560.0922420135385,756.89581098279689,699.76343627612823
93,0.89830311690416698,8.8331817650036282,2.2735604646048828,75.910572948637849,233.8570937871288,111.8543434731385,3537.0909546801358,769.14961403759492,706.85812374610305
94,0.88099285017268658,8.3828948276285722,2.178645658337254,68.645028825139619,225.88640286429927,107.45869629398736,3181.7485153941734,781.49192094190687,668.4064941211783
95,0.89950076043628402,7.710175154499149,2.1119090428947178,71.991623570546892,217.64577543208443,105.89566958088237,3092.9008980848694,793.92222719077517,666.64765981962444
96,0.86894059784702604,7.1196180444785648,2.0391335238485433,68.023636538005903,219.83588339213441,101.32481936117109,3330.8749075569995,806.44003267421147,683.96280635299672
97,0.87510365295188319,6.7108789942742719,1.9930962816895508,65.935843387226527,216.79548763937294,100.11444373807062,2762.7745337834872,819.04484162389235,690.40542971493312
98,0.87232115400273313,6.3911438269045924,1.9192512307287879,68.599418485341616,207.61953953536158,97.729996194450209,2963.8736969562615,831.73616256117577,702.55854791071056
99,0.8584513294579279,6.0204174202660621,1.8316949123374968,62.348273245384171,200.89637198645269,94.174063569402662,2695.8432700919834,844.51350824637166,694.74669263815213
100,0.85806402313290397,5.7685284811989597,1.7745755323366939,66.117829495106704,195.32197105825023,90.820616361929453,2651.4537927047877,857.37639562917354,676.96044667946205
101,0.84189945501405927,5.5312004301700162,1.7206784044412444,60.567537002744274,188.99175832018273,88.897777053880191,2477.5045310948881,870.32434580016684,679.88851614380246
102,0.84792553734916165,5.2508681533877155,1.6882266245837509,60.989260259982473,188.89130999702599,89.077424972894278,2450.9308685161509,883.35688394336648,675.75371496295918
103,0.84156647887826819,4.901640209739643,1.639039289492082,60.771970402766541,184.58042914914469,86.224161152524204,2515.7024315317999,896.47353928970858,582.32353649561981
104,0.83895919489934001,4.5794740908039522,1.5874965890500778,57.774793376346096,176.99317313060499,83.876956215372843,2278.5003325924308,855.30632529695424,623.48998470423044
105,0.84494266787026318,4.3739267673325282,1.5571227523422022,60.649313736607716,168.93928309055653,82.185719627386305,2188.138792519117,872.29093346143588,600.9700506561212
106,0.83468061732413046,4.1730540441265314,1.5087468956295333,56.718010216633857,167.82850446919448,79.770174646509915,2258.1632534977266,922.34732835572618,610.1980994023595
107,0.83532012676862688,4.0299533416577669,1.4857324498543876,57.289206954414453,164.95726166996502,78.90507241738409,2071.9287801060764,876.78829828562652,584.27262983675917
108,0.82197434855271378,3.86175331385081,1.4451150602860574,56.032160945481543,161.92491300446392,75.405180467895775,1981.3672997047468,826.0644157237831,576.8836449225314
109,0.8117142343063225,3.6782531896162829,1.4014981567911149,54.410533411247279,153.61891413346117,75.053995438371103,1870.3968309670697,818.43322651074175,584.32689844285005
110,0.81672419980549793,3.5220310226578957,1.3735238296379393,55.085193388856688,146.34701371523144,73.291833971395818,1970.8341709865172,850.42658708681745,602.50057701894809
111,0.81398227108598542,3.3439411361978837,1.3380289290085894,52.295578466240315,142.47879129255776,71.673431407872187,1796.4039349018137,864.25928110883149,602.85568131573109
112,0.81968607260446136,3.168399988451307,1.3086695019468906,52.54139410911214,144.82887838670669,70.595717489405175,1694.5852900585423,805.48635103727645,614.1479879914715
113,0.8130720068588847,3.063831671133971,1.2885093339451101,51.692522692633716,140.29122678270349,68.692221886834005,1764.931289173318,798.89627232141015,625.61906596952031
114,0.80253133747346206,2.9504624849014709,1.2692490599775665,50.761350909480434,137.59584262714631,67.240956370831341,1533.1675247116686,811.2176616530827,637.27122068157882
115,0.80645295905090941,2.8817137895486611,1.2449484638185049,52.144697413587792,131.46135735482918,66.812173234419618,1605.1464926121068,823.62352481522646,649.10677868678908
116,0.79601525722603916,2.7713435769097425,1.2227114349537545,48.87819328169364,125.1217649930131,64.869912354059082,1544.196680799673,836.11345900620506,634.09045685610727
117,0.80607265939163608,2.65293507699778,1.2072043542659168,49.621429173425526,125.19275202149974,63.521879579264208,1528.3406477080684,848.68706310996538,673.33751708967952
118,0.79388754144603213,2.5419447228804239,1.1702246030016294,48.271694304127699,121.30723281128979,62.639917199562781,1471.2630415379269,817.76137082866433,639.47349896108176
119,0.79431856227408537,2.4369175140662076,1.1559579413203798,48.059138718575966,117.39809445758692,61.107170869596771,1386.4764202703084,839.43084229260148,603.3488938137034
120,0.789507123117,2.351644342105899,1.1303310459190223,47.959757724273146,116.32399201424722,60.379990772635338,1462.7259657343257,844.95917537358457,592.84530419356986
121,0.79130352745392696,2.2865616513651652,1.1217148814498645,46.441237426031726,111.00981647469965,59.114268848157288,1302.9316109903471,774.75446801775308,567.75204682126844
122,0.79663989263470847,2.2411113975802617,1.1197825111236788,47.133261581731134,106.71102653458949,57.037194961350643,1348.0366534211109,724.26514035023729,574.95587692278514
123,0.79078141805799607,2.1639084587563251,1.1007293733951911,45.066906943128316,103.82072741790989,56.227614524986691,1326.0565700941636,724.18500097104481,586.29681456537173
124,0.79287106086440429,2.1049104441538571,1.0860643565145143,45.618709118361409,103.75700813037544,55.718000848570746,1310.9799896805696,735.53267802350911,579.38177872383847
125,0.78769132512196927,2.0432101718668116,1.0649353418606764,44.958009345496585,101.52766514983952,55.046357316348164,1275.8189566004532,747.13309537181669,579.97892811398333
126,0.78578475182704477,1.9752304938333793,1.0591816988286455,43.913650392898425,99.117840244879716,54.376356696416288,1226.832822910761,740.88557447945675,582.44374460598112
127,0.78375217144977039,1.928547717410692,1.0381243745870505,44.374827630843818,95.792226530856865,53.796641928829203,1195.2911583144175,712.28899135309416,585.89721266594813
128,0.78474594690082966,1.8754168400333553,1.0342503761530633,43.341124338278831,92.735145573590103,52.181807087181156,1223.0301820848454,696.48860978287109,569.29316024264608
129,0.78363601268820549,1.8332583342101871,1.023416199269698,42.797133767443526,91.430212323689219,52.098504517966532,1161.1649007567305,706.94741564930246,572.17827714793134
130,0.78140547320664488,1.7794076521150657,1.008694186449073,42.801949792330547,90.027197868439146,50.555600508465517,1169.4229642635801,717.48077911954135,559.61168287667488
131,0.78648814178277038,1.7438235037945975,1.0030930392602502,42.193206244613279,89.048956562157585,49.427696687627041,1044.3219061241002,728.08847279322345,570.59225190384268
132,0.78522615087145475,1.7057695902648593,0.99057361506977959,42.197840820407258,87.010760480033596,49.885351197108399,1044.8153133647793,738.77026885247517,537.9378254782788
133,0.78010390674919572,1.6439365775308956,0.97837942594615768,41.701958320695987,83.593721886700664,48.986741746995435,1017.0240538915073,749.5259391042274,541.06518963870781
134,0.78139644128339425,1.6177012487140978,0.97180566956671532,41.268514201281455,81.245779696879097,48.958336542856465,951.52809410376244,757.75765047337893,517.21681974602154
135,0.77929934149247593,1.5871901931375005,0.96523592450533668,40.890944194414473,78.636897835163296,47.512321552307874,962.35303841200084,712.25221207503307,522.3084046875282
136,0.77762069136607714,1.5544282285962372,0.95998073655769789,39.937264973663673,77.696753562445295,47.144145649627937,915.86307863067134,699.49244269694361,520.2297964794102
137,0.77610848027248758,1.5228209979647813,0.94750355261384867,40.916357729695711,76.699824849245019,47.031670386539076,910.70896902519723,682.01697234351604,521.30663226488616
138,0.77847890008734044,1.4928832985872829,0.94228806083123684,39.199299421642515,74.972639787369133,45.98464844427756,851.67115328065972,714.35486329201478,526.36169911118952
139,0.77923484424463618,1.467268707306943,0.93410405987423439,39.591769193597599,73.439000921109653,45.048751228581317,835.30075231788828,684.35767153004235,501.02187452663486
140,0.77860731682142215,1.4371579788379376,0.92808743315210185,39.747801238307794,71.905348272019282,44.388642604786149,891.70291545712416,700.93024847953836,524.31999366066179
141,0.77775191400234833,1.4203276947600603,0.91793530819965619,39.226115024065727,69.894277241382937,44.557200963751505,813.04562756677296,675.90055755713388,527.68592161494178
142,0.7778499198293306,1.3928820499477825,0.91626968090326777,39.577552120376311,69.132481895283362,44.60039041584416,862.52789189408281,685.71629753398474,514.48562721669873
143,0.77526292743932901,1.3729125733698395,0.9104290411335535,38.919408698434637,68.01513929255961,43.900319742730019,810.49688338486385,693.91508337770836,527.86016634642476
144,0.77648292683080555,1.3451778191597004,0.90387853314439082,38.879089742238705,68.430889583768717,44.024865038171583,837.95526084436642,704.16565071008517,530.94309079512811
145,0.77529619897472624,1.3246334037094776,0.89848164191605739,38.324905597178478,65.90582482164568,42.771626348826736,862.72862512608378,703.17399085012823,527.97424515288151
146,0.77865004744557109,1.3048064470495437,0.9006597963478441,38.863063294368501,64.229183436384517,42.447487406488769,831.73440112787057,695.9527606451984,535.05746263461867
147,0.77607912696730208,1.2965894836190732,0.89763956036755443,38.255219905535263,62.719199349982894,42.003543419067299,847.24038761391603,672.44134564425394,530.59007254917412
148,0.77905254894390663,1.2722004539370613,0.89649199221216125,37.105841139294085,61.407586739249957,41.073959601402613,850.14256294338463,680.06020329978094,529.37373699252703
149,0.77674041712308628,1.2576041119914536,0.88715043844618946,37.184191141162174,61.314964932533002,40.163793466261971,788.35799964615762,676.32309083167786,522.93741522857738
150,0.77840849140293988,1.2477316100143223,0.88802070592416293,36.985781441457767,59.673946936227651,40.448539305223029,786.74957430492668,655.5203070626261,507.47300098873507
151,0.77824440444276777,1.2282638774120769,0.88183775688416621,37.131079460975542,59.751095514769105,40.487769067134465,743.66918387035116,623.77444623255144,496.92607276710845
152,0.77180673468107064,1.2078726300610996,0.86919534042355107,36.681542124620833,58.58880406465979,39.924904633592121,736.16991402287385,610.50215610341559,482.25064266119932
153,0.7765862950907888,1.1877283209855729,0.87224016391088788,36.613118975533176,56.528492877167977,39.639913792112736,735.38219718894618,623.43626080223601,496.76500022790663
154,0.77498601094346187,1.1793632016167925,0.86550126503264946,35.961745269208983,56.543013455131856,39.167260657082402,704.59480458572784,623.39104442039127,481.10099145375585
155,0.77118844583463142,1.1581285900534015,0.85578045755549748,35.708088718861482,55.382210551101274,38.679553651630123,694.05378588236999,608.0504955639218,469.33317542040089
156,0.77084436305680626,1.1471657057981022,0.85369353847974827,35.540365264664231,54.845727192072353,38.249878385050266,713.07291000034684,604.22270019927885,490.80868863449592
157,0.76200678936738986,1.1241974304451374,0.83686792216043593,35.31621191518321,53.069943866026918,37.550225971094669,683.12718514232972,579.65340601148114,452.05929528144446
158,0.76730603040584378,1.1105607067149725,0.84004524948972137,34.717837896297262,52.355254902347234,37.543581744918946,653.75677394204376,574.87925169992923,443.31935618542792
159,0.76552747198607929,1.1062577055314022,0.83725064269784455,35.236677425766871,52.052684477991242,37.766091643417923,658.19622518690971,572.75881092599923,452.46002045989837
160,0.77057771526286412,1.0951465886731457,0.84252300164852434,34.879341962123064,50.242849686313015,37.038540127575573,671.09699681783377,574.20767376249455,434.39261949526633
161,0.76624273309132052,1.0748702306244819,0.83187336872796747,34.194363506260139,50.194559836120916,36.312671620315641,642.8324356623034,559.80429425955447,453.63903949563468
162,0.76618092084460454,1.0796452059308095,0.83531691360462235,33.941878601874585,49.941316543127371,36.227119734776352,638.04012791343905,568.92209474570609,441.54479235595994
163,0.76996962992956364,1.0658034495007536,0.83972695957800125,33.913397942691716,49.172268576607259,36.306875538845361,625.77207970841357,551.65030399537886,437.2909960867924
164,0.76732979022728676,1.058461106944695,0.83058701408773039,33.584787165796605,47.99767404724237,35.85892419908366,646.2108574946443,548.82880373283115,436.40678237197744
165,0.7655254092533843,1.0495154959718043,0.82865491962514226,33.534260206404582,47.350449623764206,35.14055892254936,601.66581682868207,529.0799475363533,425.04890322866879
166,0.76702050876088212,1.0405551042807946,0.8246459545990964,33.499655630269274,47.03621299898434,35.422056196489351,599.39522580838241,538.10910467653935,425.22951762885248
167,0.77103003266157255,1.0404597322044344,0.83264409845975895,33.039664440077154,46.782335526019338,35.160920763843116,591.48329131250546,531.24471698173591,431.00972209768116
168,0.76740472791109093,1.0280975386339459,0.82201172992464155,33.446499829365095,46.084004407250156,35.316411870747501,612.04283541682685,508.59141531732632,408.21781251391695
169,0.76642628545589919,1.01845588906993,0.81846370752725917,33.169183276774817,46.115339279982457,35.193836778322655,618.20417020457353,523.34262857594899,413.54153166318548
170,0.76833098205268868,1.0070324433926148,0.81765542040110095,32.758289757107043,44.632298350720838,34.245528862490538,568.41962847626064,512.20246255637539,413.48178324679748
171,0.76437898229695722,0.99849308384514168,0.81114134372857349,33.224612605553283,44.020319229093666,34.701281469649288,542.79945969324763,523.97563832387914,407.05908240996632
172,0.76177161229449575,0.98486818106905605,0.80664568352596699,32.206849637759852,42.660899111713903,33.368826335212241,568.4895183268269,501.40953846228626,409.49880663932515
173,0.76131205057773665,0.97847532655233138,0.80363527535032042,32.601842223214739,43.045222606429043,33.935354539090341,574.15304312576882,505.33124874096205,417.61631456445133
174,0.75949961303508329,0.97277399911021678,0.80117258982274553,32.010500570380813,42.338342093645721,33.245408705588886,559.90866438464855,507.57136213585687,405.98507850071314
175,0.75740774594127769,0.96244258676981576,0.79696926343932206,32.009078320491639,42.201746226206865,33.00477647499244,560.26269074369009,484.32752546936007,404.82771193770469
176,0.7611839349913001,0.95768595801492618,0.80137044852265282,31.556896623818492,41.29540140359012,32.737674860282489,531.26368143785533,492.44813875978065,394.95970028178704
177,0.76132578307739651,0.95791994405930481,0.80433304331974675,31.591427558711345,40.787675796742356,32.322604221114631,502.9057100084508,465.96119165700952,391.9634826641468
178,0.75889702639840306,0.94924399066677068,0.79801414885774247,31.034905773638869,39.929606158250699,32.011866329110511,517.81170972133191,467.80650428717621,388.48293610168173
179,0.75841664188939062,0.94339282856552975,0.79582509764629705,30.826438630223301,39.488517029277354,31.814444906183212,490.72959462508089,473.42111481072868,376.91645966654841
180,0.76051678484798235,0.94237083538232425,0.79430170918234055,31.138969801833785,39.715211076583039,31.909535539220446,473.01599414302518,450.74532709016358,379.01973180673156
181,0.75819561619994524,0.93216351174083012,0.79152460912265077,30.715044949645055,39.320032479389653,31.476001690398217,479.06742215687319,441.98577657684427,381.67566364263092
182,0.7606608939886913,0.93126269543335394,0.79604219509437812,30.156034500717208,38.089448265698536,30.752806307624965,478.89636866203773,445.90598843976187,378.6044367360704
183,0.75835867413387925,0.92314281277204979,0.79194289768772508,30.0936914358292,37.379930721849504,30.851177621788722,450.74142866927792,433.69659499033946,359.81358142553779
184,0.75955422546336282,0.92369828133646159,0.79070970581732758,29.969031850498848,37.155067027886844,30.23648298066901,464.28282355515768,432.21127126659633,354.91256391517021
185,0.75407715743453196,0.91056526371661584,0.78239401041540224,29.247346341882761,36.700252786919599,29.897373211605473,442.80570106438097,432.49792274934617,364.55839529862686
186,0.75403251378864267,0.90998232534204415,0.78335972550706634,29.414695922695735,36.549336152931744,29.994532475590539,452.44226346683263,438.11964964220351,364.25893392589046
187,0.75357228739019633,0.8961583357837184,0.77956428680668977,29.032335857525709,35.971171334580831,29.419524708930485,442.65354185209304,416.63685369192888,350.99593158043132
188,0.75409296537459414,0.8975441603864478,0.78130826654460972,28.848093236436902,35.448852455179271,29.418676509786525,418.95651376020982,418.57591136940562,357.76879466367683
189,0.75562412510167154,0.8929440982452721,0.77912170670198577,29.047450616333929,35.141349028876249,29.337213074008055,437.105582895927,411.83050459255793,353.8626907464249
190,0.75514875372401613,0.8893647031017734,0.78104611109062672,29.004887871740454,35.229139114658324,29.77135484531571,416.59526533971911,404.33273148834394,346.42335445295498
191,0.75785602258839468,0.88914241208619016,0.78417199004910154,28.945256147276051,34.690438837964223,29.472196350739274,420.10630263312135,401.84228022923844,334.35961252787342
192,0.75168632411372305,0.87704203527928626,0.77352620031667019,28.996043920252593,34.87029924922588,29.196284260971222,402.01383326990754,391.08914840118405,345.64413363916896
193,0.75190218132544429,0.8757361086696267,0.7764610860963943,29.018569870244388,34.535667131998139,29.383343130593889,411.79443210306783,396.08464716695477,334.64236134643414
194,0.75345790012834091,0.87308099600529931,0.77653994722962316,28.981403101039806,34.218464403561768,28.971980614702147,415.2144788899663,388.13443367495734,340.73554422392237
195,0.75222866620485995,0.87353275121585827,0.77653608802155705,28.672993080900572,33.906424483328237,28.897369896190611,404.12204546092232,396.94336267424887,345.7430752199034
196,0.75374022231557292,0.87174225648902182,0.77516121277696926,28.538551338558314,33.528416843271977,28.547508228690504,418.59342934729943,396.24083854892029,342.66477229088366
197,0.75215173870131535,0.86438459837660109,0.77484268049954652,28.272041971246264,33.078826991299074,28.621744468083623,415.25097499203827,400.62829994879831,343.90494702257956
198,0.75363645817960412,0.86048932897324415,0.77294397569030593,27.806090616659912,32.389919876409415,28.169912814558518,395.44889442299637,389.02277258515437,337.61960365436425
199,0.75034031985016181,0.85585147095039471,0.76900225940897571,27.743391843703009,32.432399106969775,28.09415905200467,401.61448315599131,400.99590539273902,339.93190222278832
200,0.75031205111104604,0.85192371011696522,0.76719516279032729,27.621045398244135,32.077164950199155,27.835971510431996,388.80435019321413,374.31112662582603,338.92053048255684
