absolute_error_edge,vanilla_density,log_ball_density,polynomial_ball_density,vanilla_mean_absolute_error,log_ball_mean_absolute_error,polynomial_ball_mean_absolute_error
0,0.880826,0.367066,0.71831,1.5333829945637059,3.4201465233574213,1.6716378958443563
1,0.880826,0.367066,0.71831,1.5333829945637059,3.4201465233574213,1.6716378958443563
1,0.047615999999999999,0.15992999999999999,0.089413999999999993,1.5333829945637059,3.4201465233574213,1.6716378958443563
2,0.047615999999999999,0.15992999999999999,0.089413999999999993,1.5333829945637059,3.4201465233574213,1.6716378958443563
2,0.020024,0.11206000000000001,0.052754000000000002,1.5333829945637059,3.4201465233574213,1.6716378958443563
3,0.020024,0.11206000000000001,0.052754000000000002,1.5333829945637059,3.4201465233574213,1.6716378958443563
3,0.013861999999999999,0.094028,0.035458000000000003,1.5333829945637059,3.4201465233574213,1.6716378958443563
4,0.013861999999999999,0.094028,0.035458000000000003,1.5333829945637059,3.4201465233574213,1.6716378958443563
4,0.0051139999999999996,0.029898000000000001,0.017984,1.5333829945637059,3.4201465233574213,1.6716378958443563
5,0.0051139999999999996,0.029898000000000001,0.017984,1.5333829945637059,3.4201465233574213,1.6716378958443563
5,0.003686,0.069615999999999997,0.018943999999999999,1.5333829945637059,3.4201465233574213,1.6716378958443563
6,0.003686,0.069615999999999997,0.018943999999999999,1.5333829945637059,3.4201465233574213,1.6716378958443563
6,0.0065859999999999998,0.013816,0.010182,1.5333829945637059,3.4201465233574213,1.6716378958443563
7,0.0065859999999999998,0.013816,0.010182,1.5333829945637059,3.4201465233574213,1.6716378958443563
7,0.0033419999999999999,0.028674000000000002,0.012732,1.5333829945637059,3.4201465233574213,1.6716378958443563
8,0.0033419999999999999,0.028674000000000002,0.012732,1.5333829945637059,3.4201465233574213,1.6716378958443563
8,0.0018320000000000001,0.029208000000000001,0.0051479999999999998,1.5333829945637059,3.4201465233574213,1.6716378958443563
9,0.0018320000000000001,0.029208000000000001,0.0051479999999999998,1.5333829945637059,3.4201465233574213,1.6716378958443563
9,0.0011360000000000001,0.0093659999999999993,0.0061840000000000003,1.5333829945637059,3.4201465233574213,1.6716378958443563
10,0.0011360000000000001,0.0093659999999999993,0.0061840000000000003,1.5333829945637059,3.4201465233574213,1.6716378958443563
10,0.00063599999999999996,0.01248,0.0055979999999999997,1.5333829945637059,3.4201465233574213,1.6716378958443563
11,0.00063599999999999996,0.01248,0.0055979999999999997,1.5333829945637059,3.4201465233574213,1.6716378958443563
11,0.000602,0.017878000000000002,0.0031480000000000002,1.5333829945637059,3.4201465233574213,1.6716378958443563
12,0.000602,0.017878000000000002,0.0031480000000000002,1.5333829945637059,3.4201465233574213,1.6716378958443563
12,0.0017899999999999999,0.0023779999999999999,0.0038180000000000002,1.5333829945637059,3.4201465233574213,1.6716378958443563
13,0.0017899999999999999,0.0023779999999999999,0.0038180000000000002,1.5333829945637059,3.4201465233574213,1.6716378958443563
13,0.00173,0.014706,0.001722,1.5333829945637059,3.4201465233574213,1.6716378958443563
14,0.00173,0.014706,0.001722,1.5333829945637059,3.4201465233574213,1.6716378958443563
14,0.0012279999999999999,0.0044920000000000003,0.0048060000000000004,1.5333829945637059,3.4201465233574213,1.6716378958443563
15,0.0012279999999999999,0.0044920000000000003,0.0048060000000000004,1.5333829945637059,3.4201465233574213,1.6716378958443563
15,0.00080000000000000004,0.0025920000000000001,0.0027179999999999999,1.5333829945637059,3.4201465233574213,1.6716378958443563
16,0.00080000000000000004,0.0025920000000000001,0.0027179999999999999,1.5333829945637059,3.4201465233574213,1.6716378958443563
16,0.00063400000000000001,0.0094820000000000008,0.00092400000000000002,1.5333829945637059,3.4201465233574213,1.6716378958443563
17,0.00063400000000000001,0.0094820000000000008,0.00092400000000000002,1.5333829945637059,3.4201465233574213,1.6716378958443563
17,0.00040000000000000002,0.0029580000000000001,0.00066399999999999999,1.5333829945637059,3.4201465233574213,1.6716378958443563
18,0.00040000000000000002,0.0029580000000000001,0.00066399999999999999,1.5333829945637059,3.4201465233574213,1.6716378958443563
18,0.00028200000000000002,0.001284,0.0018860000000000001,1.5333829945637059,3.4201465233574213,1.6716378958443563
19,0.00028200000000000002,0.001284,0.0018860000000000001,1.5333829945637059,3.4201465233574213,1.6716378958443563
19,0.000232,0.001204,0.00089999999999999998,1.5333829945637059,3.4201465233574213,1.6716378958443563
20,0.000232,0.001204,0.00089999999999999998,1.5333829945637059,3.4201465233574213,1.6716378958443563
20,0.00017799999999999999,0.016884,0.00059999999999999995,1.5333829945637059,3.4201465233574213,1.6716378958443563
21,0.00017799999999999999,0.016884,0.00059999999999999995,1.5333829945637059,3.4201465233574213,1.6716378958443563
21,0.00014200000000000001,nan,0.00083000000000000001,1.5333829945637059,3.4201465233574213,1.6716378958443563
22,0.00014200000000000001,nan,0.00083000000000000001,1.5333829945637059,3.4201465233574213,1.6716378958443563
22,0.00011,nan,0.0052760000000000003,1.5333829945637059,3.4201465233574213,1.6716378958443563
23,0.00011,nan,0.0052760000000000003,1.5333829945637059,3.4201465233574213,1.6716378958443563
23,0.000164,nan,nan,1.5333829945637059,3.4201465233574213,1.6716378958443563
24,0.000164,nan,nan,1.5333829945637059,3.4201465233574213,1.6716378958443563
24,0.00030600000000000001,nan,nan,1.5333829945637059,3.4201465233574213,1.6716378958443563
25,0.00030600000000000001,nan,nan,1.5333829945637059,3.4201465233574213,1.6716378958443563
25,0.00036600000000000001,nan,nan,1.5333829945637059,3.4201465233574213,1.6716378958443563
26,0.00036600000000000001,nan,nan,1.5333829945637059,3.4201465233574213,1.6716378958443563
26,0.000408,nan,nan,1.5333829945637059,3.4201465233574213,1.6716378958443563
27,0.000408,nan,nan,1.5333829945637059,3.4201465233574213,1.6716378958443563
27,0.00037599999999999998,nan,nan,1.5333829945637059,3.4201465233574213,1.6716378958443563
28,0.00037599999999999998,nan,nan,1.5333829945637059,3.4201465233574213,1.6716378958443563
28,0.00035599999999999998,nan,nan,1.5333829945637059,3.4201465233574213,1.6716378958443563
29,0.00035599999999999998,nan,nan,1.5333829945637059,3.4201465233574213,1.6716378958443563
29,0.00027799999999999998,nan,nan,1.5333829945637059,3.4201465233574213,1.6716378958443563
30,0.00027799999999999998,nan,nan,1.5333829945637059,3.4201465233574213,1.6716378958443563
30,0.00025000000000000001,nan,nan,1.5333829945637059,3.4201465233574213,1.6716378958443563
31,0.00025000000000000001,nan,nan,1.5333829945637059,3.4201465233574213,1.6716378958443563
31,0.000224,nan,nan,1.5333829945637059,3.4201465233574213,1.6716378958443563
32,0.000224,nan,nan,1.5333829945637059,3.4201465233574213,1.6716378958443563
32,0.000174,nan,nan,1.5333829945637059,3.4201465233574213,1.6716378958443563
33,0.000174,nan,nan,1.5333829945637059,3.4201465233574213,1.6716378958443563
33,0.00016000000000000001,nan,nan,1.5333829945637059,3.4201465233574213,1.6716378958443563
34,0.00016000000000000001,nan,nan,1.5333829945637059,3.4201465233574213,1.6716378958443563
34,0.00012799999999999999,nan,nan,1.5333829945637059,3.4201465233574213,1.6716378958443563
35,0.00012799999999999999,nan,nan,1.5333829945637059,3.4201465233574213,1.6716378958443563
35,0.000106,nan,nan,1.5333829945637059,3.4201465233574213,1.6716378958443563
36,0.000106,nan,nan,1.5333829945637059,3.4201465233574213,1.6716378958443563
36,0.000102,nan,nan,1.5333829945637059,3.4201465233574213,1.6716378958443563
37,0.000102,nan,nan,1.5333829945637059,3.4201465233574213,1.6716378958443563
37,0.000102,nan,nan,1.5333829945637059,3.4201465233574213,1.6716378958443563
38,0.000102,nan,nan,1.5333829945637059,3.4201465233574213,1.6716378958443563
38,7.2000000000000002e-05,nan,nan,1.5333829945637059,3.4201465233574213,1.6716378958443563
39,7.2000000000000002e-05,nan,nan,1.5333829945637059,3.4201465233574213,1.6716378958443563
39,7.2000000000000002e-05,nan,nan,1.5333829945637059,3.4201465233574213,1.6716378958443563
40,7.2000000000000002e-05,nan,nan,1.5333829945637059,3.4201465233574213,1.6716378958443563
40,6.9999999999999994e-05,nan,nan,1.5333829945637059,3.4201465233574213,1.6716378958443563
41,6.9999999999999994e-05,nan,nan,1.5333829945637059,3.4201465233574213,1.6716378958443563
41,5.3999999999999998e-05,nan,nan,1.5333829945637059,3.4201465233574213,1.6716378958443563
42,5.3999999999999998e-05,nan,nan,1.5333829945637059,3.4201465233574213,1.6716378958443563
42,2.8e-05,nan,nan,1.5333829945637059,3.4201465233574213,1.6716378958443563
43,2.8e-05,nan,nan,1.5333829945637059,3.4201465233574213,1.6716378958443563
43,3.4e-05,nan,nan,1.5333829945637059,3.4201465233574213,1.6716378958443563
44,3.4e-05,nan,nan,1.5333829945637059,3.4201465233574213,1.6716378958443563
44,4.0000000000000003e-05,nan,nan,1.5333829945637059,3.4201465233574213,1.6716378958443563
45,4.0000000000000003e-05,nan,nan,1.5333829945637059,3.4201465233574213,1.6716378958443563
45,4.3999999999999999e-05,nan,nan,1.5333829945637059,3.4201465233574213,1.6716378958443563
46,4.3999999999999999e-05,nan,nan,1.5333829945637059,3.4201465233574213,1.6716378958443563
46,3.1999999999999999e-05,nan,nan,1.5333829945637059,3.4201465233574213,1.6716378958443563
47,3.1999999999999999e-05,nan,nan,1.5333829945637059,3.4201465233574213,1.6716378958443563
47,3.6000000000000001e-05,nan,nan,1.5333829945637059,3.4201465233574213,1.6716378958443563
48,3.6000000000000001e-05,nan,nan,1.5333829945637059,3.4201465233574213,1.6716378958443563
48,6.3999999999999997e-05,nan,nan,1.5333829945637059,3.4201465233574213,1.6716378958443563
49,6.3999999999999997e-05,nan,nan,1.5333829945637059,3.4201465233574213,1.6716378958443563
49,7.6000000000000004e-05,nan,nan,1.5333829945637059,3.4201465233574213,1.6716378958443563
50,7.6000000000000004e-05,nan,nan,1.5333829945637059,3.4201465233574213,1.6716378958443563
50,7.6000000000000004e-05,nan,nan,1.5333829945637059,3.4201465233574213,1.6716378958443563
51,7.6000000000000004e-05,nan,nan,1.5333829945637059,3.4201465233574213,1.6716378958443563
51,9.3999999999999994e-05,nan,nan,1.5333829945637059,3.4201465233574213,1.6716378958443563
52,9.3999999999999994e-05,nan,nan,1.5333829945637059,3.4201465233574213,1.6716378958443563
52,9.0000000000000006e-05,nan,nan,1.5333829945637059,3.4201465233574213,1.6716378958443563
53,9.0000000000000006e-05,nan,nan,1.5333829945637059,3.4201465233574213,1.6716378958443563
53,6.3999999999999997e-05,nan,nan,1.5333829945637059,3.4201465233574213,1.6716378958443563
54,6.3999999999999997e-05,nan,nan,1.5333829945637059,3.4201465233574213,1.6716378958443563
54,5.8e-05,nan,nan,1.5333829945637059,3.4201465233574213,1.6716378958443563
55,5.8e-05,nan,nan,1.5333829945637059,3.4201465233574213,1.6716378958443563
55,8.6000000000000003e-05,nan,nan,1.5333829945637059,3.4201465233574213,1.6716378958443563
56,8.6000000000000003e-05,nan,nan,1.5333829945637059,3.4201465233574213,1.6716378958443563
56,8.6000000000000003e-05,nan,nan,1.5333829945637059,3.4201465233574213,1.6716378958443563
57,8.6000000000000003e-05,nan,nan,1.5333829945637059,3.4201465233574213,1.6716378958443563
57,5.8e-05,nan,nan,1.5333829945637059,3.4201465233574213,1.6716378958443563
58,5.8e-05,nan,nan,1.5333829945637059,3.4201465233574213,1.6716378958443563
58,6.7999999999999999e-05,nan,nan,1.5333829945637059,3.4201465233574213,1.6716378958443563
59,6.7999999999999999e-05,nan,nan,1.5333829945637059,3.4201465233574213,1.6716378958443563
59,5.5999999999999999e-05,nan,nan,1.5333829945637059,3.4201465233574213,1.6716378958443563
60,5.5999999999999999e-05,nan,nan,1.5333829945637059,3.4201465233574213,1.6716378958443563
