oracle_calls,vanilla_q90,adaptive_q90,vanilla_q99,adaptive_q99,vanilla_q999,adaptive_q999
0,0.16000000000000003,0.16000000000000003,0.16000000000000003,0.16000000000000003,0.16000000000000003,0.16000000000000003
1,0.64000000000000012,0.16000000000000003,0.64000000000000012,0.16000000000000003,0.64000000000000012,0.16000000000000003
2,1.6792732736834914,0.16000000000000003,1.6792732736834914,0.16000000000000003,1.6792732736834914,0.16000000000000003
3,3.6465940993474546,0.16000000000000003,3.6465940993474546,0.16000000000000003,3.6465940993474546,0.16000000000000003
4,1.0888229179955835,0.16000000000000003,7.1184703650476528,0.16000000000000003,7.1184703650476528,0.16000000000000003
5,2.2821900497158496,0.16000000000000003,12.987834229318823,0.16000000000000003,12.987834229318823,0.16000000000000003
6,4.4308799991307879,0.43559999999999988,22.62706158560351,0.64000000000000012,22.62706158560351,0.64000000000000012
7,1.577381900850533,0.43559999999999988,9.471272914103027,0.64000000000000012,38.131547518392743,0.64000000000000012
8,2.9969566812624668,0.43559999999999988,16.037331406400984,0.64000000000000012,62.682346032624594,0.64000000000000012
9,1.3383856565581276,0.43559999999999988,25.648975464295674,0.64000000000000012,101.08425061297439,0.64000000000000012
10,2.0996205263980112,0.43559999999999988,42.022083983963263,0.64000000000000012,160.56161838672469,0.64000000000000012
11,3.5421807702361958,0.43559999999999988,19.378542094401624,0.64000000000000012,75.724243723438718,0.64000000000000012
12,1.6216323864726265,0.41597169592240923,29.931018531029835,0.91494758554743505,111.15922104432217,1.2569930742435627
13,2.5299123228395453,0.41597169592240923,46.518119892269446,0.91494758554743505,173.44284028212292,1.2569930742435627
14,1.5588646236006536,0.41597169592240923,23.537809878628611,0.91494758554743505,264.99417223677347,1.2569930742435627
15,1.8978382795906026,0.41597169592240923,34.225236224880589,0.91494758554743505,131.65826058190027,1.2569930742435627
16,2.7954521315699385,0.41597169592240923,51.522539403107473,0.91494758554743505,189.19656159182441,1.2569930742435627
17,1.5895016188753071,0.41597169592240923,27.227196594680724,0.91494758554743505,282.73787169719645,1.2569930742435627
18,2.1027931333219154,0.56694105758346713,38.219062566892326,1.2070033479700608,148.46417761404331,1.675412997641428
19,1.4845806222056421,0.56694105758346713,32.702901540872404,1.2070033479700608,211.12974447349308,1.675412997641428
20,1.6557699258697485,0.56694105758346713,30.588451854052309,1.2070033479700608,306.29961498400962,1.675412997641428
21,2.0426041937114765,0.56694105758346713,42.283950198272521,1.2070033479700608,171.67768585294741,1.675412997641428
22,1.4493196275898468,0.56694105758346713,28.254863465848175,1.2070033479700608,231.47066423918835,1.675412997641428
23,1.7531030552007327,0.56694105758346713,33.712750754939691,1.2070033479700608,332.03012190172109,1.675412997641428
24,1.3851201131696982,0.53398350941035189,46.098698088620274,1.484564377141717,202.90668183867609,2.1531380909194655
25,1.4639739818920166,0.53398350941035189,30.461326233601223,1.484564377141717,252.07657554783597,2.1531380909194655
26,1.4619713892265456,0.53398350941035189,37.196213822240175,1.484564377141717,354.8044282945819,2.1531380909194655
27,1.3387434165077314,0.53398350941035189,50.606297204100862,1.484564377141717,204.11534885823832,2.1531380909194655
28,1.4847549164374303,0.53398350941035189,31.33530053426546,1.484564377141717,274.73763061489569,2.1531380909194655
29,1.2725387190975386,0.53398350941035189,40.053196894656296,1.484564377141717,372.49906867657779,2.1531380909194655
30,1.3023680962732225,0.55264203957833025,31.902121897483411,1.4967209260703478,220.64865896905459,2.6527187379699093
31,1.3069750343034316,0.55264203957833025,32.965286722203402,1.4967209260703478,290.0558812645229,2.6527187379699093
32,1.2110863207416604,0.55264203957833025,42.683288493701589,1.4967209260703478,221.66622255629659,2.6527187379699093
33,1.2869596997264006,0.55264203957833025,30.643644818913796,1.4967209260703478,236.08909822031671,2.6527187379699093
34,1.1634549804422472,0.55264203957833025,34.751216067056646,1.4967209260703478,316.5875768563327,2.6527187379699093
35,1.1654422616568052,0.55264203957833025,32.7953444096092,1.4967209260703478,241.80428590269017,2.6527187379699093
36,1.1614963415520294,0.62235445244075271,30.537470634617694,1.7990031256814378,257.96577173377221,3.1967364806024485
37,1.0851574723353503,0.62235445244075271,37.413049918874236,1.7990031256814378,336.8872929380305,3.1967364806024485
38,1.1098857439373375,0.62235445244075271,29.414550297533374,1.7990031256814378,256.42979509075144,3.1967364806024485
39,1.0407445827413202,0.62235445244075271,30.627441923161015,1.7990031256814378,283.65504745517444,3.1967364806024485
40,1.0216650840294907,0.62235445244075271,31.756172832503363,1.7990031256814378,359.68509945313525,3.1967364806024485
41,1.0305158174350837,0.62235445244075271,27.13628978915434,1.7990031256814378,233.72602395020539,3.1967364806024485
42,0.97533983678100133,0.6038395970753041,32.785842035604055,1.8137385427295893,293.31145729693145,3.8128669390113474
43,1.0131569703789027,0.6038395970753041,28.381715165337841,1.8137385427295893,333.2926841601568,3.8128669390113474
44,0.95468843336124787,0.6038395970753041,29.026555909035253,1.8137385427295893,250.77554758037928,3.8128669390113474
45,0.94713068726128469,0.6038395970753041,33.380154533111615,1.8137385427295893,311.48598356629242,3.8128669390113474
46,0.95169939863307351,0.6038395970753041,27.561534879783974,1.8137385427295893,232.2361279211147,3.8128669390113474
47,0.93093886213304089,0.6038395970753041,29.445901113401781,1.8137385427295893,256.39225265450159,3.8128669390113474
48,0.97079960794291653,0.59270470481478577,27.393212647139148,2.0600731605243747,323.65285220872079,4.248539306119576
49,0.90102887628425932,0.59270470481478577,26.436297725702701,2.0600731605243747,287.85840669661764,4.248539306119576
50,0.89701289860062439,0.59270470481478577,30.396375212449946,2.0600731605243747,279.80142323217081,4.248539306119576
51,0.88295862743624676,0.59270470481478577,25.947456802332031,2.0600731605243747,352.84068987311815,4.248539306119576
52,0.85858404958056622,0.59270470481478577,26.943660245760064,2.0600731605243747,266.59334890222505,4.248539306119576
53,0.88528116382698341,0.59270470481478577,25.477638337308537,2.0600731605243747,294.061914696229,4.248539306119576
54,0.86142894591394636,0.62072750281443245,24.437692841919862,2.0988077279074386,236.24255509901576,4.3460751086105942
55,0.86670698085302877,0.62072750281443245,27.071749587894995,2.0988077279074386,243.8444193665853,4.3460751086105942
56,0.85680232225781972,0.62072750281443245,24.154636616830018,2.0988077279074386,270.35307043564347,4.3460751086105942
57,0.83267217605058252,0.62072750281443245,24.764909080442827,2.0988077279074386,217.09371318555449,4.3460751086105942
58,0.84705065220330933,0.62072750281443245,24.967777772103709,2.0988077279074386,245.71446361296896,4.3460751086105942
59,0.83835673093879137,0.62072750281443245,23.9911456967024,2.0988077279074386,213.56715138519959,4.3460751086105942
60,0.82689947813394105,0.62666944128872215,25.940793667541012,2.3075761970038378,211.317343690229,4.7820298730348476
61,0.83847623254513381,0.62666944128872215,23.328735977480783,2.3075761970038378,236.48963896020459,4.7820298730348476
62,0.82854276064285348,0.62666944128872215,23.393301360602806,2.3075761970038378,201.88598280653559,4.7820298730348476
63,0.83497362858048008,0.62666944128872215,22.680873782866222,2.3075761970038378,230.54963263974892,4.7820298730348476
64,0.81405661972627508,0.62666944128872215,21.827147834982274,2.3075761970038378,194.56292933990932,4.7820298730348476
65,0.82023284607652425,0.62666944128872215,22.910012946740448,2.3075761970038378,205.50816704467019,4.7820298730348476
66,0.82316621637050025,0.6187605647686123,21.202500424244082,2.3164195495775117,228.04592912855449,4.8891372713566748
67,0.81055970325725168,0.6187605647686123,21.751588363963286,2.3164195495775117,219.78948450673067,4.8891372713566748
68,0.80949751169222472,0.6187605647686123,21.579736198998354,2.3164195495775117,218.78937605682282,4.8891372713566748
69,0.80300309154569216,0.6187605647686123,20.312087510994999,2.3164195495775117,234.93388420463083,4.8891372713566748
70,0.82056393741451705,0.6187605647686123,21.9309100602391,2.3164195495775117,201.32217194904149,4.8891372713566748
71,0.81444510904505862,0.6187605647686123,20.053089847380196,2.3164195495775117,207.33656114477085,4.8891372713566748
72,0.79318638406554065,0.6080614131255867,20.324896922018414,2.3877811364875035,175.77134084685537,5.3557834072421802
73,0.80408942915228676,0.6080614131255867,20.141328790750659,2.3877811364875035,183.86526210352778,5.3557834072421802
74,0.78799073553717147,0.6080614131255867,19.647152996109771,2.3877811364875035,192.75741936242085,5.3557834072421802
75,0.78260372927048527,0.6080614131255867,19.63151976536982,2.3877811364875035,158.94848408020329,5.3557834072421802
76,0.77462620611994826,0.6080614131255867,18.863101171984521,2.3877811364875035,179.88323737286956,5.3557834072421802
77,0.76988542334775678,0.6080614131255867,19.142736047827807,2.3877811364875035,169.97285977185112,5.3557834072421802
78,0.76200416187758258,0.6051869132905886,18.911938165118009,2.4617217874350725,179.40274606849832,5.3896449443401133
79,0.74589871559419318,0.6051869132905886,18.673314188373006,2.4617217874350725,163.48046601208853,5.3896449443401133
80,0.73268813833168245,0.6051869132905886,19.413275399283734,2.4617217874350725,160.36427875677231,5.3896449443401133
81,0.72059073241253158,0.6051869132905886,18.629279240636052,2.4617217874350725,169.31901695925339,5.3896449443401133
82,0.72654640504867607,0.6051869132905886,18.460984542966962,2.4617217874350725,158.11099001944751,5.3896449443401133
83,0.72374643249996706,0.6051869132905886,18.04241688066039,2.4617217874350725,151.57202998741289,5.3896449443401133
84,0.73079710954794386,0.60087250752325683,17.872695065143581,2.4682985462990246,164.15490951294603,5.8208535430408421
85,0.72530766279428283,0.60087250752325683,17.703940343629721,2.4682985462990246,149.60377723587942,5.8208535430408421
86,0.71517597113000064,0.60087250752325683,17.247131114054856,2.4682985462990246,161.68821105717433,5.8208535430408421
87,0.71315671248698198,0.60087250752325683,17.169220692530278,2.4682985462990246,166.69575426455893,5.8208535430408421
88,0.70961923032844332,0.60087250752325683,17.140111255571604,2.4682985462990246,138.67898759934121,5.8208535430408421
89,0.71924553484588782,0.60087250752325683,16.851270173416033,2.4682985462990246,157.99330559611866,5.8208535430408421
90,0.71916491374647007,0.58606374257329596,16.900393114561599,2.5370158312933238,136.14735168070158,5.7966179583058333
91,0.71270966981996076,0.58606374257329596,16.70845349949483,2.5370158312933238,144.58011958320787,5.7966179583058333
92,0.71296732869654922,0.58606374257329596,16.144864798735693,2.5370158312933238,138.85517595665286,5.7966179583058333
93,0.70179805026027509,0.58606374257329596,16.257623195866955,2.5370158312933238,142.05348289018531,5.7966179583058333
94,0.71328788497853368,0.58606374257329596,15.765774152083853,2.5370158312933238,150.56332337488706,5.7966179583058333
95,0.71227273087274667,0.58606374257329596,15.891973794075366,2.5370158312933238,134.78150025951336,5.7966179583058333
96,0.71022799188425723,0.57593194709812312,15.855836382482098,2.5806621309319828,136.18516821444479,5.9498416690226215
97,0.6988001847075892,0.57593194709812312,16.150095256584109,2.5806621309319828,125.15766466515481,5.9498416690226215
98,0.69029315610729647,0.57593194709812312,15.965435342450245,2.5806621309319828,119.14770117436819,5.9498416690226215
99,0.67762481245560136,0.57593194709812312,15.626787282953108,2.5806621309319828,123.34344691205821,5.9498416690226215
100,0.68923125937206542,0.57593194709812312,16.148939013327322,2.5806621309319828,128.14399373636172,5.9498416690226215
101,0.68456521852624697,0.57593194709812312,15.652448569321736,2.5806621309319828,126.36862288845222,5.9498416690226215
102,0.68544237912751016,0.55982746431560437,15.69386109132693,2.6086722450038566,123.16258977145982,5.9376406629060163
103,0.68462112032255684,0.55982746431560437,15.610748127662999,2.6086722450038566,116.64719584610648,5.9376406629060163
104,0.69194436768896972,0.55982746431560437,15.312363314584172,2.6086722450038566,130.52565607148853,5.9376406629060163
105,0.68827944104426675,0.55982746431560437,15.532551151068766,2.6086722450038566,120.98231267795684,5.9376406629060163
106,0.69306418813467296,0.55982746431560437,14.650979321337832,2.6086722450038566,122.09770426980297,5.9376406629060163
107,0.68782567966289909,0.55982746431560437,14.717268802447142,2.6086722450038566,115.07828909123972,5.9376406629060163
108,0.68141310892214946,0.56004566592591332,15.080416591144743,2.6287103497534114,120.45799273133916,6.3622805799456668
109,0.68905988888789538,0.56004566592591332,14.564336161982778,2.6287103497534114,123.20944217449691,6.3622805799456668
110,0.68463323786059282,0.56004566592591332,14.813914825579268,2.6287103497534114,114.2163454071874,6.3622805799456668
111,0.67914242965629623,0.56004566592591332,14.526840738516183,2.6287103497534114,119.73168645196624,6.3622805799456668
112,0.68639594847263885,0.56004566592591332,14.562951774417309,2.6287103497534114,108.50030229420594,6.3622805799456668
113,0.69366875131478667,0.56004566592591332,14.335154506889891,2.6287103497534114,113.89245536184782,6.3622805799456668
114,0.68308702389477283,0.54902509398497557,13.795262093161412,2.6127280099658106,114.58148372707198,6.4784374900910535
115,0.67937651017464173,0.54902509398497557,14.026494635877523,2.6127280099658106,119.4400626810166,6.4784374900910535
116,0.67525869509627978,0.54902509398497557,13.610485878185077,2.6127280099658106,128.39827660740505,6.4784374900910535
117,0.6755090573505349,0.54902509398497557,13.522494977137605,2.6127280099658106,120.21264048582159,6.4784374900910535
118,0.66829436270004139,0.54902509398497557,13.119031909007907,2.6127280099658106,111.29313383322258,6.4784374900910535
119,0.66427200863163038,0.54902509398497557,13.537644497373183,2.6127280099658106,114.0083592292867,6.4784374900910535
120,0.66179313126775685,0.53758532685492133,13.450180256354155,2.6193872979748103,102.06078930445435,6.6280135016176223
121,0.66844878512446937,0.53758532685492133,13.07369048953734,2.6193872979748103,109.02095840426836,6.6280135016176223
122,0.65909688961852619,0.53758532685492133,12.908960028277814,2.6193872979748103,102.83010212698866,6.6280135016176223
123,0.65005267041397341,0.53758532685492133,13.434914605178726,2.6193872979748103,107.0783845106922,6.6280135016176223
124,0.65325203460961578,0.53758532685492133,12.962278613121704,2.6193872979748103,112.10406911160224,6.6280135016176223
125,0.65124234926864188,0.53758532685492133,12.950611237476972,2.6193872979748103,104.17624427618811,6.6280135016176223
126,0.64140431171411427,0.52245911694293956,12.967334632377471,2.6297013201706068,105.57864551874353,6.6830575926524611
127,0.64861559668136948,0.52245911694293956,13.116752089671168,2.6297013201706068,98.170001569455309,6.6830575926524611
128,0.64735656137255748,0.52245911694293956,12.25463609720005,2.6297013201706068,91.992151712552158,6.6830575926524611
129,0.6460278907224738,0.52245911694293956,12.214460443311591,2.6297013201706068,90.336910359339953,6.6830575926524611
130,0.64617365724138132,0.52245911694293956,12.184854657483001,2.6297013201706068,87.494571632453301,6.6830575926524611
131,0.63847199775405061,0.52245911694293956,12.00057827062051,2.6297013201706068,85.018343421496795,6.6830575926524611
132,0.64098360660283371,0.51106095059723522,11.934978686115391,2.5837563566568922,87.951964904686434,6.4652928112029961
133,0.63396165973187757,0.51106095059723522,11.836438495835043,2.5837563566568922,88.834696127649195,6.4652928112029961
134,0.62797115859649799,0.51106095059723522,11.911263785472974,2.5837563566568922,90.440523230025605,6.4652928112029961
135,0.63447121473240597,0.51106095059723522,11.882361134158314,2.5837563566568922,88.992400421887083,6.4652928112029961
136,0.63232958146371721,0.51106095059723522,11.980235248325727,2.5837563566568922,84.077015651026443,6.4652928112029961
137,0.63588395999475156,0.51106095059723522,12.060229053067387,2.5837563566568922,80.21611450183488,6.4652928112029961
138,0.62975620540013177,0.49760318589416597,12.204659724822701,2.6359978769815582,80.992837634561553,6.6341556581433112
139,0.63664630098758557,0.49760318589416597,12.156126326424822,2.6359978769815582,81.324569390568627,6.6341556581433112
140,0.63207658193035321,0.49760318589416597,12.001479523750266,2.6359978769815582,82.537350421495262,6.6341556581433112
141,0.63215045570506323,0.49760318589416597,12.148757721629421,2.6359978769815582,80.593920220487931,6.6341556581433112
142,0.63676883326799361,0.49760318589416597,11.833865752318543,2.6359978769815582,83.652865774528692,6.6341556581433112
143,0.6382284360091538,0.49760318589416597,11.802468014124099,2.6359978769815582,88.617691251242221,6.6341556581433112
144,0.63756700394727917,0.48834024525349873,11.782052398771,2.6345773569784972,82.208527023258853,6.8640791615478296
145,0.62813965995615928,0.48834024525349873,11.665632338661213,2.6345773569784972,81.72751682795851,6.8640791615478296
146,0.62821697006726218,0.48834024525349873,11.322375161552698,2.6345773569784972,79.660551134268573,6.8640791615478296
147,0.62808592986382972,0.48834024525349873,11.510663009167814,2.6345773569784972,85.287649707504755,6.8640791615478296
148,0.62912310012383332,0.48834024525349873,11.227315646893333,2.6345773569784972,82.946879771435817,6.8640791615478296
149,0.62203061844865837,0.48834024525349873,11.156509263337872,2.6345773569784972,81.480226692915252,6.8640791615478296
150,0.62181687819833698,0.47802970924630012,11.037775856241888,2.6075106400780226,83.5986087877058,6.9828146698820168
151,0.62267326936929013,0.47802970924630012,11.045644514305019,2.6075106400780226,83.023245023358172,6.9828146698820168
152,0.61819419813850096,0.47802970924630012,10.904367798137411,2.6075106400780226,81.61456754069188,6.9828146698820168
153,0.61772521853292117,0.47802970924630012,10.571462442321272,2.6075106400780226,81.307510390159848,6.9828146698820168
154,0.61325847762249674,0.47802970924630012,10.70178011655481,2.6075106400780226,83.515729679473807,6.9828146698820168
155,0.61280630886975829,0.47802970924630012,10.73989955662409,2.6075106400780226,79.18593308675058,6.9828146698820168
156,0.61477943998923179,0.46763571305011375,10.750410420146702,2.5709354725961835,81.129452479651846,6.9773444135077112
157,0.6079021427399055,0.46763571305011375,10.71923719012324,2.5709354725961835,78.894651067389262,6.9773444135077112
158,0.61106726499746344,0.46763571305011375,10.7105178920099,2.5709354725961835,77.824247020521398,6.9773444135077112
159,0.607841091117025,0.46763571305011375,10.694868321388975,2.5709354725961835,80.544147415083842,6.9773444135077112
160,0.60819648774321711,0.46763571305011375,10.766751577066847,2.5709354725961835,73.338013967001757,6.9773444135077112
161,0.60713481281331394,0.46763571305011375,10.79003745266461,2.5709354725961835,72.184938764271564,6.9773444135077112
162,0.60367634857263797,0.46183503205257198,10.564381518967014,2.5998936467585736,72.036661055463426,6.8169561951219046
163,0.60625575007212684,0.46183503205257198,10.607334359283156,2.5998936467585736,73.341282956314259,6.8169561951219046
164,0.61169076016521651,0.46183503205257198,10.476183739087523,2.5998936467585736,71.542649927106368,6.8169561951219046
165,0.60852462138321117,0.46183503205257198,10.740079903268638,2.5998936467585736,64.748453937005166,6.8169561951219046
166,0.60759239895890571,0.46183503205257198,10.643379179386722,2.5998936467585736,66.532758955877128,6.8169561951219046
167,0.60216922769265802,0.46183503205257198,10.531365597451149,2.5998936467585736,67.748400206702755,6.8169561951219046
168,0.60555018521940307,0.45221980536470419,10.604441005213342,2.5893466708125725,66.516521411835811,7.3078497324014204
169,0.60284149163954304,0.45221980536470419,10.356571713819706,2.5893466708125725,70.005100999447563,7.3078497324014204
170,0.60177673704941204,0.45221980536470419,10.491707450034809,2.5893466708125725,64.482847075268438,7.3078497324014204
171,0.60139281568689507,0.45221980536470419,10.308526818521885,2.5893466708125725,65.995897161369825,7.3078497324014204
172,0.60696421359104213,0.45221980536470419,10.290112857247527,2.5893466708125725,68.822836503948025,7.3078497324014204
173,0.60413598065757679,0.45221980536470419,10.156489091214191,2.5893466708125725,65.600727010210136,7.3078497324014204
174,0.59781775047880281,0.45221980536470419,9.9533091585397262,2.5893466708125725,61.621053762974668,7.3078497324014204
175,0.59597753241028673,0.4416872226939505,10.372865593513977,2.5336237600845744,63.288440755201975,7.0165707910435637
176,0.59722580989535012,0.4416872226939505,9.9313379151404781,2.5336237600845744,64.150262548980265,7.0165707910435637
177,0.59195739130646219,0.4416872226939505,9.9652425746533524,2.5336237600845744,59.713328095556193,7.0165707910435637
178,0.58888688845206916,0.4416872226939505,9.9074292377710442,2.5336237600845744,63.591581010345031,7.0165707910435637
179,0.59179174396089751,0.4416872226939505,9.6244943379445722,2.5336237600845744,60.36603822280729,7.0165707910435637
180,0.59331673257449991,0.4416872226939505,9.5944276777753075,2.5336237600845744,62.990926794736183,7.0165707910435637
181,0.59370007360909616,0.4416872226939505,9.7775160102993031,2.5336237600845744,59.804291368665332,7.0165707910435637
182,0.58595330183851579,0.42429090628990185,9.5168418964008001,2.4514857387427385,59.394083451999826,6.7191407346997263
183,0.59154534448435236,0.42429090628990185,9.4805152424568977,2.4514857387427385,60.910979610295769,6.7191407346997263
184,0.58336653437755581,0.42429090628990185,9.3251468837332752,2.4514857387427385,63.526914808409337,6.7191407346997263
185,0.58971537546832697,0.42429090628990185,9.2339925214706131,2.4514857387427385,58.983131601068585,6.7191407346997263
186,0.58075762469626258,0.42429090628990185,9.180542922165154,2.4514857387427385,60.620139697722038,6.7191407346997263
187,0.58339512196334498,0.42429090628990185,9.2022086476925278,2.4514857387427385,55.618342029817633,6.7191407346997263
188,0.58136775753451075,0.42429090628990185,9.0371526544860696,2.4514857387427385,57.094608774436402,6.7191407346997263
189,0.57934462634559136,0.41471644582708672,9.2416495341791514,2.4300073735819212,57.03819442930395,6.9992342121091484
190,0.57884774487221513,0.41471644582708672,9.2208343256294469,2.4300073735819212,55.167693835524609,6.9992342121091484
191,0.57263633962597249,0.41471644582708672,9.2338145684878086,2.4300073735819212,59.240182924653709,6.9992342121091484
192,0.58114269494344273,0.41471644582708672,9.1167541853107714,2.4300073735819212,55.511596185380348,6.9992342121091484
193,0.57354880727729307,0.41471644582708672,9.0329448407896482,2.4300073735819212,54.294487288811176,6.9992342121091484
194,0.57269060572554953,0.41471644582708672,9.0588004382369967,2.4300073735819212,54.390249902530648,6.9992342121091484
195,0.57378368079366993,0.41471644582708672,8.8780975567848692,2.4300073735819212,56.284354736379626,6.9992342121091484
196,0.57279509538202666,0.40216556375474466,8.9760065720233602,2.3598613508172042,54.109673073681492,6.8127954117656078
197,0.5711495105205483,0.40216556375474466,8.8379417500524777,2.3598613508172042,53.388566481910054,6.8127954117656078
198,0.56784292255590241,0.40216556375474466,8.8361221785148132,2.3598613508172042,54.789434655505353,6.8127954117656078
199,0.57042823376534579,0.40216556375474466,8.6208017096791441,2.3598613508172042,54.163042012066903,6.8127954117656078
200,0.56514299704117665,0.40216556375474466,8.6315653824042453,2.3598613508172042,53.902648682269522,6.8127954117656078
201,0.56803017101089648,0.40216556375474466,8.629560496140849,2.3598613508172042,56.54195002794097,6.8127954117656078
202,0.56874348667065677,0.40216556375474466,8.6460970706440126,2.3598613508172042,56.239707842303645,6.8127954117656078
203,0.56912791358164039,0.39625300749405629,8.8597905516550934,2.2893160409652085,54.708733433837978,6.6683156184472603
204,0.56342722269201495,0.39625300749405629,8.7134546121656058,2.2893160409652085,55.349901772123403,6.6683156184472603
205,0.56313868341416584,0.39625300749405629,8.708343906228583,2.2893160409652085,50.480299372545034,6.6683156184472603
206,0.55912550898677105,0.39625300749405629,8.753933073411849,2.2893160409652085,50.594137693657309,6.6683156184472603
207,0.56261036294258082,0.39625300749405629,8.5903794755339256,2.2893160409652085,49.145341328084484,6.6683156184472603
208,0.55967359026504537,0.39625300749405629,8.3765145014034577,2.2893160409652085,48.999692266140627,6.6683156184472603
209,0.55866876216301098,0.39625300749405629,8.3273175085791156,2.2893160409652085,48.371081305044989,6.6683156184472603
210,0.55768506814871721,0.38078288193141785,8.4209617319751864,2.2779380877013411,47.778622230830294,6.5336798959510807
211,0.55546375073101839,0.38078288193141785,8.0631624228965002,2.2779380877013411,46.185929287888975,6.5336798959510807
212,0.55830990429557614,0.38078288193141785,8.2001113536396097,2.2779380877013411,47.252736022091533,6.5336798959510807
213,0.55376284961088318,0.38078288193141785,8.0037846777775918,2.2779380877013411,47.848674450774723,6.5336798959510807
214,0.55557987611346327,0.38078288193141785,8.0392018926714925,2.2779380877013411,48.338492749745051,6.5336798959510807
215,0.55800354341292957,0.38078288193141785,8.0521853041193907,2.2779380877013411,46.14989887734999,6.5336798959510807
216,0.55524087391137311,0.38078288193141785,8.0545294741420701,2.2779380877013411,45.281290769913255,6.5336798959510807
217,0.55127915593443766,0.37119081351807165,7.9182142435999427,2.2239082441274132,46.094552896957573,6.6178068450595067
218,0.54877249828026065,0.37119081351807165,7.8986545100271623,2.2239082441274132,44.092156980331076,6.6178068450595067
219,0.55039808599215811,0.37119081351807165,7.9717801720758921,2.2239082441274132,47.068753418827534,6.6178068450595067
220,0.55193776615036727,0.37119081351807165,7.7989257656127897,2.2239082441274132,44.480355585535669,6.6178068450595067
221,0.54735749030122904,0.37119081351807165,7.6306850017123775,2.2239082441274132,44.87242704483419,6.6178068450595067
222,0.54594210297334245,0.37119081351807165,7.7369552730998272,2.2239082441274132,46.05474494651336,6.6178068450595067
223,0.54119119478213118,0.37119081351807165,7.749407338122114,2.2239082441274132,44.640018259988963,6.6178068450595067
224,0.54661749089691691,0.36656560316831904,7.6769363709900986,2.2044200568810641,45.383930158923718,6.211045891911203
225,0.53983255744338621,0.36656560316831904,7.7603687336143485,2.2044200568810641,44.042769182731561,6.211045891911203
226,0.53757975016719117,0.36656560316831904,7.5325684626046323,2.2044200568810641,45.567937441765004,6.211045891911203
227,0.53844685628719324,0.36656560316831904,7.6910535462523875,2.2044200568810641,44.81579591107549,6.211045891911203
228,0.5305669070628003,0.36656560316831904,7.5309927587167804,2.2044200568810641,44.73992203276962,6.211045891911203
229,0.5413825818925988,0.36656560316831904,7.3967535669788385,2.2044200568810641,48.100166602690315,6.211045891911203
230,0.53880185535993708,0.36656560316831904,7.4749833930440337,2.2044200568810641,42.791772567715945,6.211045891911203
231,0.53884440619608043,0.35692834615837987,7.5538960753505693,2.1630676136050231,42.732101236660739,6.0120272439268811
232,0.53213234689642253,0.35692834615837987,7.3165014003177786,2.1630676136050231,42.395362562450273,6.0120272439268811
233,0.53319994375566504,0.35692834615837987,7.4300556376420976,2.1630676136050231,40.404364115926192,6.0120272439268811
234,0.52564720050813873,0.35692834615837987,7.3284661632517549,2.1630676136050231,41.983369939339688,6.0120272439268811
235,0.52349589293866561,0.35692834615837987,7.3239776452537191,2.1630676136050231,41.386017863994752,6.0120272439268811
236,0.52273078338917101,0.35692834615837987,7.3748624722499256,2.1630676136050231,44.496329623711958,6.0120272439268811
237,0.52682407791602637,0.35692834615837987,7.395899308803795,2.1630676136050231,44.649936188779236,6.0120272439268811
238,0.52364568385348886,0.34904006261618753,7.2708407488662381,2.1131434346069824,42.139861012031531,6.4079762564630265
239,0.5263104141264886,0.34904006261618753,7.0942801928094692,2.1131434346069824,40.060426311538535,6.4079762564630265
240,0.52600239898198498,0.34904006261618753,7.0121652957018625,2.1131434346069824,39.359499488458972,6.4079762564630265
241,0.52558344195686713,0.34904006261618753,6.9388797044491772,2.1131434346069824,40.899223567665508,6.4079762564630265
242,0.52275519913362878,0.34904006261618753,6.9784539432270734,2.1131434346069824,41.174318797712807,6.4079762564630265
243,0.52127643644655208,0.34904006261618753,6.837066563845986,2.1131434346069824,38.83610851573313,6.4079762564630265
244,0.52067461800731141,0.34904006261618753,6.8019746219815618,2.1131434346069824,37.608071229872799,6.4079762564630265
245,0.52128178370939227,0.34059623700001729,6.9405880320245998,2.0807573749965624,36.641582327625493,5.847104478175905
246,0.51899249980499718,0.34059623700001729,6.7720580296895774,2.0807573749965624,35.351139813164146,5.847104478175905
247,0.52049229870018132,0.34059623700001729,6.9388404837774198,2.0807573749965624,34.152490040806953,5.847104478175905
248,0.52085769573114205,0.34059623700001729,6.9816088733898765,2.0807573749965624,36.773447032202576,5.847104478175905
249,0.52020550123373044,0.34059623700001729,6.9242794901430909,2.0807573749965624,37.372349836676158,5.847104478175905
250,0.51774292382028442,0.34059623700001729,6.9355912685078884,2.0807573749965624,35.31158682263866,5.847104478175905
251,0.517227587752356,0.34059623700001729,6.8968859309192778,2.0807573749965624,34.21258929984306,5.847104478175905
252,0.51711807144293498,0.33361951447853722,6.8059161634227827,2.0408110220576643,31.974699992686013,5.7782368021276573
253,0.51580153139244722,0.33361951447853722,6.7743273956426444,2.0408110220576643,32.744122623338143,5.7782368021276573
254,0.51114154843296389,0.33361951447853722,6.6623040153766437,2.0408110220576643,33.317747752572998,5.7782368021276573
255,0.51330280250995575,0.33361951447853722,6.5474774783653391,2.0408110220576643,32.558204031950417,5.7782368021276573
256,0.51064364457162681,0.33361951447853722,6.4797181790780405,2.0408110220576643,32.997406739985657,5.7782368021276573
257,0.51231869529933327,0.33361951447853722,6.503294382085806,2.0408110220576643,34.38349719328464,5.7782368021276573
258,0.51056612558163161,0.33361951447853722,6.2553980978678574,2.0408110220576643,34.169645347318188,5.7782368021276573
259,0.51284702018723427,0.32647891088322128,6.3768640845620155,1.9720730855663848,35.316281004673613,5.9750609286222209
260,0.50811265736620148,0.32647891088322128,6.271385081105997,1.9720730855663848,33.48030610761608,5.9750609286222209
261,0.51198590528144605,0.32647891088322128,6.2004794017633058,1.9720730855663848,33.644157420946982,5.9750609286222209
262,0.51033145126954682,0.32647891088322128,6.1593400606163549,1.9720730855663848,33.905264318852907,5.9750609286222209
263,0.50978050850432444,0.32647891088322128,6.1588643508882042,1.9720730855663848,34.979462436316361,5.9750609286222209
264,0.50926760751759503,0.32647891088322128,6.1140195308743408,1.9720730855663848,34.078996278890145,5.9750609286222209
265,0.50726000857605158,0.32647891088322128,6.138140794812724,1.9720730855663848,31.967809045203037,5.9750609286222209
266,0.50817308687834284,0.32005575655309365,6.3661789703766347,1.9650362317937382,32.679796666218351,5.8494208789089113
267,0.50767731778157865,0.32005575655309365,6.3172677360318277,1.9650362317937382,32.479875570846595,5.8494208789089113
268,0.50589497154909668,0.32005575655309365,6.2874762975716152,1.9650362317937382,33.036726615156368,5.8494208789089113
269,0.50845758738130764,0.32005575655309365,6.2123379422642566,1.9650362317937382,31.533975758847578,5.8494208789089113
270,0.50245262301297089,0.32005575655309365,6.2499127992480927,1.9650362317937382,32.080584140551224,5.8494208789089113
271,0.5042513902701472,0.32005575655309365,6.2416274810822472,1.9650362317937382,31.423201539423342,5.8494208789089113
272,0.50393199376956599,0.32005575655309365,6.1623117233380045,1.9650362317937382,30.202905690357007,5.8494208789089113
273,0.5057555350467301,0.31497601192030611,6.3305745205527995,1.9221170643857086,31.915649170466768,5.846960332316355
274,0.50326011219286482,0.31497601192030611,6.1610555067163055,1.9221170643857086,32.451938080837628,5.846960332316355
275,0.50381511486458042,0.31497601192030611,6.2466058236956341,1.9221170643857086,31.820457748109479,5.846960332316355
276,0.50279655303430038,0.31497601192030611,6.0964955742514428,1.9221170643857086,31.911710222730672,5.846960332316355
277,0.50261057981529911,0.31497601192030611,6.1144869411213447,1.9221170643857086,29.888501724492208,5.846960332316355
278,0.50470835395714042,0.31497601192030611,6.201366159006735,1.9221170643857086,29.424224540694077,5.846960332316355
279,0.5036735754360665,0.31497601192030611,6.1589790325707172,1.9221170643857086,29.08673042237373,5.846960332316355
280,0.50245032704943682,0.3109311257480491,6.2317098985466748,1.8529038145090013,30.379730402122792,5.8241200020575628
281,0.50281347915676644,0.3109311257480491,6.0375213666430749,1.8529038145090013,28.941317914425714,5.8241200020575628
282,0.49975205072541057,0.3109311257480491,6.1291710343278192,1.8529038145090013,28.234788572836312,5.8241200020575628
283,0.50038068130460611,0.3109311257480491,5.9993532977735491,1.8529038145090013,29.507767614285875,5.8241200020575628
284,0.49806744330905323,0.3109311257480491,5.9796311164301876,1.8529038145090013,28.759748449224404,5.8241200020575628
285,0.49827978037464421,0.3109311257480491,5.9737126418878859,1.8529038145090013,30.624735550482384,5.8241200020575628
286,0.49469448445330938,0.3109311257480491,5.9813272791984131,1.8529038145090013,30.113071525191316,5.8241200020575628
287,0.49835171967608893,0.30396115717414807,5.9042807875265888,1.8378650901396176,30.304903763434933,5.7482021752199
288,0.49918201998644979,0.30396115717414807,5.8553868702341036,1.8378650901396176,31.17504290264376,5.7482021752199
289,0.49493667511722961,0.30396115717414807,5.8517324273731148,1.8378650901396176,31.159777902585475,5.7482021752199
290,0.49539280353723836,0.30396115717414807,5.7501848205144732,1.8378650901396176,30.083420992661285,5.7482021752199
291,0.49405004431193073,0.30396115717414807,5.7286681770298848,1.8378650901396176,29.863179794989133,5.7482021752199
292,0.49582705618504397,0.30396115717414807,5.7291371948126297,1.8378650901396176,30.915689916158673,5.7482021752199
293,0.49077934917202337,0.30396115717414807,5.7979382809731579,1.8378650901396176,29.579113749485117,5.7482021752199
294,0.48823959794500155,0.29740728695384339,5.8252933845656329,1.8137631296583154,30.565121991150246,5.7217596719430492
295,0.49087762935426699,0.29740728695384339,5.7883360194185158,1.8137631296583154,29.824372766200664,5.7217596719430492
296,0.48373506135089933,0.29740728695384339,5.7716771028113669,1.8137631296583154,30.416209774987454,5.7217596719430492
297,0.48877196076525187,0.29740728695384339,5.7554188277284544,1.8137631296583154,29.136215763659553,5.7217596719430492
298,0.48247919590402949,0.29740728695384339,5.7521944287208759,1.8137631296583154,30.884109834124246,5.7217596719430492
299,0.48596052682995494,0.29740728695384339,5.7232093265076163,1.8137631296583154,29.211028869341767,5.7217596719430492
300,0.48609365497052948,0.29740728695384339,5.6722540603010625,1.8137631296583154,27.316091014122328,5.7217596719430492
